{
  "aal":-27.354543051558487,
  "aap":10.483573141865019,
  "abbv":-2.2410409499793698,
  "abc":-1.1635605371000626,
  "abt":-1.1091062966986953,
  "acgl":1.1682317369906285,
  "adm":2.4554582989827956,
  "ads":3.239982218403828,
  "adt":0.5017891540124967,
  "aee":1.1338858459805232,
  "aep":-0.8893747963757979,
  "aes":-2.130911861956544,
  "afl":0.08409062282384955,
  "agn":0.7449741762783492,
  "agnc":1.3633739637523121,
  "agr":-0.21783526194334693,
  "aig":3.3574855211267605,
  "alk":1.1779558251111948,
  "all":2.4418698364300244,
  "ally":0.7599884725305218,
  "alsn":0.4407383205853218,
  "amg":-0.2300321480213589,
  "amgn":0.2165947791205256,
  "amp":0.6705288010345481,
  "antm":1.7508674911107653,
  "apd":-0.36884153569794087,
  "aptv":0.0506674104018278,
  "armk":1.7217506015744979,
  "arnc":0.2811198212577376,
  "arw":0.8285243832252454,
  "ath":2.3001357628257786,
  "avy":-0.06312400367689194,
  "awk":-36.972436427539726,
  "axp":1.5875784368543742,
  "bac":0.32807641909698465,
  "bax":-0.044338526441911386,
  "bbt":0.28797432596810935,
  "bby":0.7790290578788741,
  "ben":3.654354763769161,
  "bg":1.2727333981371536,
  "bhge":1.4681416347751803,
  "biib":1.5676023580269556,
  "bk":0.573796540138381,
  "blk":0.8386151651330884,
  "bll":-14.254302022133523,
  "brk.a":13.8660767296586,
  "brk.b":13.442816993749664,
  "bwa":0.8174628631868673,
  "c":1.0059790371257764,
  "cag":0.9437264623209485,
  "cah":0.6739909347632291,
  "cat":0.8362120187100245,
  "cb":0.4678084392497246,
  "cbs":0.12050264001263378,
  "cbs.a":1.4611115290996524,
  "cck":0.5997051603652823,
  "ccl":3.5201449389558306,
  "cdw":-1.2944972742275052,
  "ce":0.1445021925685269,
  "cfg":1.0076392366387976,
  "chrw":0.09575218251120603,
  "ci":2.2716664977018297,
  "cinf":0.6835195837958893,
  "clx":-0.3894471102713842,
  "cma":0.5320485730530564,
  "cme":0.8620844714208153,
  "cmi":0.2116059283930129,
  "cms":0.0733917859617345,
  "cnp":2.5414582595051733,
  "cof":0.5392436220716761,
  "cop":2.069797389226755,
  "coty":1.5143391015818768,
  "cpb":-0.17376786278098144,
  "cpri":3.1403551263374223,
  "cpt":-6.904152461581936,
  "csco":3.0703057759026584,
  "csx":0.49588537282032086,
  "ctl":1.5327327263734605,
  "ctsh":-0.42222332201238055,
  "ctva":0.5635871263972809,
  "cvs":4.287764277599595,
  "cvx":3.4755724569268667,
  "d":-9.691721129361486,
  "dal":3.094166177240858,
  "dd":2.540406549063625,
  "de":0.21817187574232294,
  "dell":-3.386974017174702,
  "dfs":0.3564258308538021,
  "dgx":0.7706911869734133,
  "dhi":0.6966227104106935,
  "dhr":0.22944374633140474,
  "dis":-0.503413488787299,
  "disca":1.8268655265650011,
  "disck":1.2364676933485153,
  "dish":1.5777152244351176,
  "dov":0.08462070556914787,
  "dow":1.6936913306091768,
  "dre":0.46096287278484877,
  "dri":-0.20478363336892869,
  "dte":1.8603862015338677,
  "duk":0.8187245534017279,
  "dva":1.0109785384364807,
  "dvn":2.6471844046918473,
  "dxc":3.4051549036441537,
  "ebay":1.1002292144015104,
  "ed":0.9111032388567311,
  "eix":0.80191990910574,
  "elan":-0.12665387131880873,
  "emn":0.7396597356014651,
  "emr":0.22776091278211547,
  "eqh":-118.61185996601404,
  "eqr":-0.6527300543048234,
  "es":-7.621883659735268,
  "etn":0.10826556675239232,
  "etr":-8.958882741492664,
  "evrg":0.8286245693884715,
  "exc":1.227890564916348,
  "f":5.19317633744119,
  "fcx":0.7386042591302587,
  "fdc":1.1059971717447799,
  "fdx":-0.11720360526648288,
  "fe":-0.13117933883219657,
  "fitb":0.5972070146020863,
  "fls":0.42796284132114343,
  "fnf":1.6343092586399108,
  "fox":0.3518785614466021,
  "foxa":-0.08124052056834952,
  "gd":0.3329344651097712,
  "ge":4.302384926804093,
  "gild":-3.9349831307222334,
  "gis":0.7184496221533408,
  "glw":-8.98615678879245,
  "gm":3.6996061715383552,
  "gpc":-52.62863592562422,
  "gps":2.144929520841833,
  "grmn":0.3973560396870497,
  "gs":-0.123933819798413,
  "gww":-1.1874607606008456,
  "h":1.1341929660178067,
  "hal":2.6567158874415973,
  "has":0.5521839399968848,
  "hban":0.2599002981553855,
  "hbi":1.5177232316471347,
  "hca":-7.941091662892386,
  "hcp":1.0619064652625863,
  "hes":2.756343234944946,
  "hfc":2.371876879528655,
  "hig":0.4090951580433343,
  "hii":0.19107711503728092,
  "hog":-0.6435380709495282,
  "holx":-0.03934291917415905,
  "hon":1.0758651646333113,
  "hpe":-54.798169502870046,
  "hpq":-5.256102376468491,
  "hrl":-0.7549147703037695,
  "hsic":-0.32335748949724397,
  "hst":1.259374993231672,
  "hubb":0.06387497923835196,
  "hum":0.07085549126307215,
  "ibm":0.8579807496685325,
  "intc":2.5046100713459003,
  "ip":0.3986688070346984,
  "ipg":-0.15352087937744077,
  "ir":-4.482427934831772,
  "itw":-0.24360181174472817,
  "ivz":1.812675499907293,
  "jci":0.280124879612142,
  "jec":0.6138040869532493,
  "jef":2.817600123071676,
  "jll":1.627481903421139,
  "jnj":1.9673888641769222,
  "jnpr":0.22723268394404417,
  "jpm":0.6524015743752869,
  "jwn":1.5554078315851643,
  "k":-0.2544469539531716,
  "kdp":-1.878677276927222,
  "key":0.5549420626789544,
  "khc":-0.9714482661683521,
  "kim":4.005636034850569,
  "kkr":-6.277888751379788,
  "kmb":-786.1300547582407,
  "kmi":-6.791829795653025,
  "kmx":0.06003888545800942,
  "ko":1.2188964170436194,
  "kr":1.1334605177423323,
  "kss":2.3223645954838537,
  "l":2.7213814990323764,
  "lb":-1.029249473172606,
  "lbrda":11.223958622581904,
  "lbrdk":9.593164258230978,
  "lea":0.6654105971046009,
  "len":2.0763885571141554,
  "len.b":4.398005558226998,
  "levi":-3.2824730396982327,
  "lh":-0.9631128767102546,
  "lll":1.1684228998312187,
  "lly":-1.8672878093940564,
  "lnc":-3.125719813599642,
  "lnt":1.1708503190887638,
  "lsxma":1.430139241811157,
  "lsxmk":0.5600853852837173,
  "luv":0.7596418840377654,
  "lvs":-17.78292029919177,
  "lyb":0.42311013464351943,
  "m":3.6135880877343918,
  "mac":1.2220693746708013,
  "mck":-0.2726222752310798,
  "mdlz":-0.1457456869939835,
  "mdt":1.3925359048940453,
  "met":1.5425781827312695,
  "mgm":5.733046163440895,
  "mhk":0.6672883747870433,
  "mmm":0.3420841174500229,
  "mo":-95.02331641660656,
  "mos":1.4720141333813097,
  "mpc":2.507758690824767,
  "mrk":-1.6699097490324295,
  "mro":3.864036502082808,
  "mrvl":0.6664550958330437,
  "ms":2.917535910800977,
  "msi":-9.85191183913016,
  "mtb":0.34733389951184734,
  "myl":-1.0520774612960102,
  "nclh":2.1761284763715225,
  "ndaq":0.1311777309925497,
  "nee":-1.2113003592135398,
  "nem":1.9772798478354536,
  "ni":0.8619827565528322,
  "nlsn":1.4029682002648793,
  "nly":0.8241988833902291,
  "noc":-0.6282370104417141,
  "nov":2.7931684343516783,
  "nsc":0.016224541481992538,
  "ntap":-0.5262386385474359,
  "ntrs":0.3128957753553182,
  "nue":1.0521681074209177,
  "nwl":2.486350761289847,
  "nws":3.719862576938556,
  "nwsa":2.195089197882898,
  "oge":0.39279657509207755,
  "omc":0.28015891682429594,
  "orcl":2.9668344385047503,
  "oxy":4.22391363004065,
  "pbct":0.8563862492450172,
  "pcar":0.6211731240341805,
  "pcg":1.167660385353836,
  "peg":2.1060820956618977,
  "pep":0.2618247662318453,
  "pfe":1.3913350028437925,
  "pfg":0.3896266226654156,
  "pg":0.6306255156540095,
  "pgr":-0.16818460562396242,
  "ph":0.12239336797527922,
  "phm":1.8439280318371225,
  "pkg":0.21519717122460078,
  "pm":-1.769475103173732,
  "pnc":0.35069369065139844,
  "pnr":0.09269598684514418,
  "pnw":2.3786979542895534,
  "ppg":2.0225787990558723,
  "ppl":1.1396104393442297,
  "prgo":0.4668871806741462,
  "pru":-0.801269904143231,
  "psx":2.973548403231095,
  "pvh":2.042136757885209,
  "qcom":-1.7210004863147277,
  "qrtea":0.6710551689038071,
  "qrvo":-2.3199270058524153,
  "rcl":2.939234223799545,
  "re":-0.34339987821488016,
  "rf":0.11957371986484333,
  "rga":0.052980816485521665,
  "rjf":1.4504949954739592,
  "rl":-0.19966148231309605,
  "rs":1.135036196465432,
  "rsg":-10.046261374006042,
  "rtn":0.6723860661045401,
  "s":1.7638944933627028,
  "see":-7.86227971135701,
  "sjm":2.24225010757576,
  "slb":3.262687673895439,
  "slg":0.9975945439603771,